Url,Federal state,Origin,Found competitions,Crawl date
http://artofdance.koeln,Nordrhein-Westfalen,https://tnw.de/verband/vereine/,,"January 04, 2024"
http://die-residenz.dance/,Nordrhein-Westfalen,https://tnw.de/verband/vereine/,,"January 04, 2024"
http://gg-herford.de,Nordrhein-Westfalen,https://tnw.de/verband/vereine/,,"January 04, 2024"
http://kgfreudenthal.de,Nordrhein-Westfalen,https://tnw.de/verband/vereine/,,"January 04, 2024"
http://kükengarde.de/,Nordrhein-Westfalen,https://tnw.de/verband/vereine/,,"January 04, 2024"
http://ssv-rhade.de/tanzen/,Nordrhein-Westfalen,https://tnw.de/verband/vereine/,,"January 04, 2024"
http://tanzen.ssfbonn.de/tanzenstart.html,Nordrhein-Westfalen,https://tnw.de/verband/vereine/,,"January 04, 2024"
http://tanzsport-brilon.de,Nordrhein-Westfalen,https://tnw.de/verband/vereine/,,"January 04, 2024"
http://tanzsportfreunde-essen.de,Nordrhein-Westfalen,https://tnw.de/verband/vereine/,,"January 04, 2024"
http://tcgw.org,Nordrhein-Westfalen,https://tnw.de/verband/vereine/,,"January 04, 2024"
http://tcs-krefeld.de/,Nordrhein-Westfalen,https://tnw.de/verband/vereine/,,"January 04, 2024"
http://tpsk-koeln.de/tanzen/,Nordrhein-Westfalen,https://tnw.de/verband/vereine/,,"January 04, 2024"
http://tsc-residenz.de/,Nordrhein-Westfalen,https://tnw.de/verband/vereine/,,"January 04, 2024"
http://ttc-mg-ry.de/,Nordrhein-Westfalen,https://tnw.de/verband/vereine/,,"January 04, 2024"
http://www.1brrc.de/,Nordrhein-Westfalen,https://tnw.de/verband/vereine/,,"January 04, 2024"
http://www.PSC-Tanzen.de,Nordrhein-Westfalen,https://tnw.de/verband/vereine/,,"January 04, 2024"
http://www.TVUnterbach.de,Nordrhein-Westfalen,https://tnw.de/verband/vereine/,,"January 04, 2024"
http://www.TanzenInklusiv.de,Nordrhein-Westfalen,https://tnw.de/verband/vereine/,,"January 04, 2024"
http://www.aurora-ev.de,Nordrhein-Westfalen,https://tnw.de/verband/vereine/,,"January 04, 2024"
http://www.blau-gold-siegen.de,Nordrhein-Westfalen,https://tnw.de/verband/vereine/,,"January 04, 2024"
http://www.capoeira-in-aachen.de/,Nordrhein-Westfalen,https://tnw.de/verband/vereine/,,"January 04, 2024"
http://www.castell-lippstadt.de,Nordrhein-Westfalen,https://tnw.de/verband/vereine/,,"January 04, 2024"
http://www.dance-city-castrop.de/,Nordrhein-Westfalen,https://tnw.de/verband/vereine/,,"January 04, 2024"
http://www.erftstolz-tanzen.de/,Nordrhein-Westfalen,https://tnw.de/verband/vereine/,,"January 04, 2024"
http://www.excelsior-koeln.de/,Nordrhein-Westfalen,https://tnw.de/verband/vereine/,,"January 04, 2024"
http://www.germania-lohauserholz.de,Nordrhein-Westfalen,https://tnw.de/verband/vereine/,,"January 04, 2024"
http://www.hilchenbachsharks.de,Nordrhein-Westfalen,https://tnw.de/verband/vereine/,,"January 04, 2024"
http://www.jardin-des-epoques.de/,Nordrhein-Westfalen,https://tnw.de/verband/vereine/,,"January 04, 2024"
http://www.jtsc-Leichlingen.de,Nordrhein-Westfalen,https://tnw.de/verband/vereine/,,"January 04, 2024"
http://www.kg-aunes-ees-2017.de,Nordrhein-Westfalen,https://tnw.de/verband/vereine/,,"January 04, 2024"
http://www.kg-koenigreich-duissern.de,Nordrhein-Westfalen,https://tnw.de/verband/vereine/,,"January 04, 2024"
http://www.kgihnetal.de,Nordrhein-Westfalen,https://tnw.de/verband/vereine/,,"January 04, 2024"
http://www.kin-top-foerderungszentrum.de/,Nordrhein-Westfalen,https://tnw.de/verband/vereine/,,"January 04, 2024"
http://www.psv-unna.de/?page_id=174,Nordrhein-Westfalen,https://tnw.de/verband/vereine/,,"January 04, 2024"
http://www.renegades-ld.de/,Nordrhein-Westfalen,https://tnw.de/verband/vereine/,,"January 04, 2024"
http://www.rondo-bonn.de,Nordrhein-Westfalen,https://tnw.de/verband/vereine/,,"January 04, 2024"
http://www.royal-bonn.de/,Nordrhein-Westfalen,https://tnw.de/verband/vereine/,,"January 04, 2024"
http://www.royal-dance.de/,Nordrhein-Westfalen,https://tnw.de/verband/vereine/,,"January 04, 2024"
http://www.royal-oberhausen.de,Nordrhein-Westfalen,https://tnw.de/verband/vereine/,,"January 04, 2024"
http://www.rrc-duisburg.de,Nordrhein-Westfalen,https://tnw.de/verband/vereine/,,"January 04, 2024"
http://www.rrc-number-one.de,Nordrhein-Westfalen,https://tnw.de/verband/vereine/,,"January 04, 2024"
http://www.rrc-teddybears.de,Nordrhein-Westfalen,https://tnw.de/verband/vereine/,,"January 04, 2024"
http://www.saltatio-aachen.de,Nordrhein-Westfalen,https://tnw.de/verband/vereine/,,"January 04, 2024"
http://www.saltatiobergheim.de,Nordrhein-Westfalen,https://tnw.de/verband/vereine/,,"January 04, 2024"
http://www.schwarz-gelb-aachen.de,Nordrhein-Westfalen,https://tnw.de/verband/vereine/,,"January 04, 2024"
http://www.sglangenfeld.de/de/wettkampf/tanzsport,Nordrhein-Westfalen,https://tnw.de/verband/vereine/,,"January 04, 2024"
http://www.suttroper-kg.de/,Nordrhein-Westfalen,https://tnw.de/verband/vereine/,,"January 04, 2024"
http://www.swiff-online.de/,Nordrhein-Westfalen,https://tnw.de/verband/vereine/,,"January 04, 2024"
http://www.tanz-centrum-coesfeld.de,Nordrhein-Westfalen,https://tnw.de/verband/vereine/,,"January 04, 2024"
http://www.tanzSportFreunde-Seelscheid.de,Nordrhein-Westfalen,https://tnw.de/verband/vereine/,,"January 04, 2024"
http://www.tanzcentrum-en.de,Nordrhein-Westfalen,https://tnw.de/verband/vereine/,,"January 04, 2024"
http://www.tanzclub-sennestadt.de,Nordrhein-Westfalen,https://tnw.de/verband/vereine/,,"January 04, 2024"
http://www.tanzclub-warburg.de/,Nordrhein-Westfalen,https://tnw.de/verband/vereine/,,"January 04, 2024"
http://www.tanzclubduesseldorf.de/,Nordrhein-Westfalen,https://tnw.de/verband/vereine/,,"January 04, 2024"
http://www.tanzen-hamm.de/,Nordrhein-Westfalen,https://tnw.de/verband/vereine/,,"January 04, 2024"
http://www.tanzenimtcn.de,Nordrhein-Westfalen,https://tnw.de/verband/vereine/,,"January 04, 2024"
http://www.tanzgarde.de,Nordrhein-Westfalen,https://tnw.de/verband/vereine/,,"January 04, 2024"
http://www.tanzsport-bielefeld.de,Nordrhein-Westfalen,https://tnw.de/verband/vereine/,,"January 04, 2024"
http://www.tanzsport-emsdetten.de,Nordrhein-Westfalen,https://tnw.de/verband/vereine/,,"January 04, 2024"
http://www.tanzsport-essen.de,Nordrhein-Westfalen,https://tnw.de/verband/vereine/,,"January 04, 2024"
http://www.tanzsport-meschede.de,Nordrhein-Westfalen,https://tnw.de/verband/vereine/,,"January 04, 2024"
http://www.tanzsport-paderborn.de,Nordrhein-Westfalen,https://tnw.de/verband/vereine/,,"January 04, 2024"
http://www.tanzsportclub-dortmund.de,Nordrhein-Westfalen,https://tnw.de/verband/vereine/,,"January 04, 2024"
http://www.tanzsportclub-werne.de,Nordrhein-Westfalen,https://tnw.de/verband/vereine/,,"January 04, 2024"
http://www.tanzsportvereinviersen.de,Nordrhein-Westfalen,https://tnw.de/verband/vereine/,,"January 04, 2024"
http://www.tanzsportzentrum-rheine.de,Nordrhein-Westfalen,https://tnw.de/verband/vereine/,,"January 04, 2024"
http://www.tbvlemgoev.de,Nordrhein-Westfalen,https://tnw.de/verband/vereine/,,"January 04, 2024"
http://www.tc-blaugold-solingen.de,Nordrhein-Westfalen,https://tnw.de/verband/vereine/,,"January 04, 2024"
http://www.tc-gruen-weiss-rot.de/,Nordrhein-Westfalen,https://tnw.de/verband/vereine/,,"January 04, 2024"
http://www.tc-metropol.de,Nordrhein-Westfalen,https://tnw.de/verband/vereine/,,"January 04, 2024"
http://www.td-duesseldorf-rot-weiss.de,Nordrhein-Westfalen,https://tnw.de/verband/vereine/,,"January 04, 2024"
http://www.tgc-blau-gold-remscheid.de,Nordrhein-Westfalen,https://tnw.de/verband/vereine/,,"January 04, 2024"
http://www.tgc-porz.de,Nordrhein-Westfalen,https://tnw.de/verband/vereine/,,"January 04, 2024"
http://www.tigerfeet.de,Nordrhein-Westfalen,https://tnw.de/verband/vereine/,,"January 04, 2024"
http://www.tkdd.de,Nordrhein-Westfalen,https://tnw.de/verband/vereine/,,"January 04, 2024"
http://www.tsa-menden.de/,Nordrhein-Westfalen,https://tnw.de/verband/vereine/,,"January 04, 2024"
http://www.tsaSauerland.de,Nordrhein-Westfalen,https://tnw.de/verband/vereine/,,"January 04, 2024"
http://www.tsc-essen.de/,Nordrhein-Westfalen,https://tnw.de/verband/vereine/,,"January 04, 2024"
http://www.tsc-gelsenkirchen.de,Nordrhein-Westfalen,https://tnw.de/verband/vereine/,,"January 04, 2024"
http://www.tsc-greven.de/,Nordrhein-Westfalen,https://tnw.de/verband/vereine/,,"January 04, 2024"
http://www.tsc-harmonie.de,Nordrhein-Westfalen,https://tnw.de/verband/vereine/,,"January 04, 2024"
http://www.tsc-lippe.de,Nordrhein-Westfalen,https://tnw.de/verband/vereine/,,"January 04, 2024"
http://www.tsc-moenchengladbach.de,Nordrhein-Westfalen,https://tnw.de/verband/vereine/,,"January 04, 2024"
http://www.tsc-mondial.de/,Nordrhein-Westfalen,https://tnw.de/verband/vereine/,,"January 04, 2024"
http://www.tsc-muenster-gievenbeck.de,Nordrhein-Westfalen,https://tnw.de/verband/vereine/,,"January 04, 2024"
http://www.tsc-olsberg.de,Nordrhein-Westfalen,https://tnw.de/verband/vereine/,,"January 04, 2024"
http://www.tsc-rommerskirchen.de/,Nordrhein-Westfalen,https://tnw.de/verband/vereine/,,"January 04, 2024"
http://www.tsc-schwarzsilber-marl.de,Nordrhein-Westfalen,https://tnw.de/verband/vereine/,,"January 04, 2024"
http://www.tscbruehl.de,Nordrhein-Westfalen,https://tnw.de/verband/vereine/,,"January 04, 2024"
http://www.tsg-hilden.de/,Nordrhein-Westfalen,https://tnw.de/verband/vereine/,,"January 04, 2024"
http://www.tsg-leverkusen.de/,Nordrhein-Westfalen,https://tnw.de/verband/vereine/,,"January 04, 2024"
http://www.tsgbielefeld.de,Nordrhein-Westfalen,https://tnw.de/verband/vereine/,,"January 04, 2024"
http://www.tsgquirinus.de/,Nordrhein-Westfalen,https://tnw.de/verband/vereine/,,"January 04, 2024"
http://www.tsk-sankt-augustin.de,Nordrhein-Westfalen,https://tnw.de/verband/vereine/,,"January 04, 2024"
http://www.tsv-bocholt.de/tsv-bocholt/abteilungen/tanzsport.html,Nordrhein-Westfalen,https://tnw.de/verband/vereine/,,"January 04, 2024"
http://www.tsv-kastell-dinslaken.de,Nordrhein-Westfalen,https://tnw.de/verband/vereine/,,"January 04, 2024"
http://www.tsv-siegen.de,Nordrhein-Westfalen,https://tnw.de/verband/vereine/,,"January 04, 2024"
http://www.tsz-grevenbroich.de,Nordrhein-Westfalen,https://tnw.de/verband/vereine/,,"January 04, 2024"
http://www.tsz-velbert.de,Nordrhein-Westfalen,https://tnw.de/verband/vereine/,,"January 04, 2024"
http://www.tsz-wetter.de,Nordrhein-Westfalen,https://tnw.de/verband/vereine/,,"January 04, 2024"
http://www.ttc-bochum.de,Nordrhein-Westfalen,https://tnw.de/verband/vereine/,,"January 04, 2024"
http://www.ttc-muelheim.de/,Nordrhein-Westfalen,https://tnw.de/verband/vereine/,,"January 04, 2024"
http://www.ttc-oberhausen.de,Nordrhein-Westfalen,https://tnw.de/verband/vereine/,,"January 04, 2024"
http://www.tus-eudenbach.de,Nordrhein-Westfalen,https://tnw.de/verband/vereine/,,"January 04, 2024"
http://www.tus09e.de/,Nordrhein-Westfalen,https://tnw.de/verband/vereine/,,"January 04, 2024"
http://www.tv-eiche.de/,Nordrhein-Westfalen,https://tnw.de/verband/vereine/,,"January 04, 2024"
http://www.tv-eitorf.de/aktuelles/,Nordrhein-Westfalen,https://tnw.de/verband/vereine/,,"January 04, 2024"
http://www.tv-verl.de,Nordrhein-Westfalen,https://tnw.de/verband/vereine/,,"January 04, 2024"
http://www.tvneunkirchen.de,Nordrhein-Westfalen,https://tnw.de/verband/vereine/,,"January 04, 2024"
http://www.vfl-tanzen.de,Nordrhein-Westfalen,https://tnw.de/verband/vereine/,,"January 04, 2024"
http://www.vivabrasil-ev.de,Nordrhein-Westfalen,https://tnw.de/verband/vereine/,,"January 04, 2024"
http://www.vtg-recklinghausen.de/,Nordrhein-Westfalen,https://tnw.de/verband/vereine/,,"January 04, 2024"
https://capoeira-online.de/,Nordrhein-Westfalen,https://tnw.de/verband/vereine/,,"January 04, 2024"
https://ev.tanzsport-portal.de/,Nordrhein-Westfalen,https://tnw.de/verband/vereine/,,"January 04, 2024"
https://kreaktivis.jimdofree.com,Nordrhein-Westfalen,https://tnw.de/verband/vereine/,,"January 04, 2024"
https://rlcd-linedance.jimdofree.com/,Nordrhein-Westfalen,https://tnw.de/verband/vereine/,,"January 04, 2024"
https://schwarz-gold-bonn.de,Nordrhein-Westfalen,https://tnw.de/verband/vereine/,,"January 04, 2024"
https://sport-union-annen.de/,Nordrhein-Westfalen,https://tnw.de/verband/vereine/,,"January 04, 2024"
https://tandaradei.de/,Nordrhein-Westfalen,https://tnw.de/verband/vereine/,,"January 04, 2024"
https://tsc-badsalzuflen.de,Nordrhein-Westfalen,https://tnw.de/verband/vereine/,,"January 04, 2024"
https://tsc-swing-dance-factory.jimdofree.com/,Nordrhein-Westfalen,https://tnw.de/verband/vereine/,,"January 04, 2024"
https://tsc-warendorf.de/,Nordrhein-Westfalen,https://tnw.de/verband/vereine/,,"January 04, 2024"
https://tsg-xray-lennep.de,Nordrhein-Westfalen,https://tnw.de/verband/vereine/,,"January 04, 2024"
https://ttcrotgoldkoeln.de/,Nordrhein-Westfalen,https://tnw.de/verband/vereine/,,"January 04, 2024"
https://tv-ibbenbueren.de/news/home,Nordrhein-Westfalen,https://tnw.de/verband/vereine/,,"January 04, 2024"
https://vtsc.de/,Nordrhein-Westfalen,https://tnw.de/verband/vereine/,,"January 04, 2024"
https://wa.me/492037381669,Nordrhein-Westfalen,https://tnw.de/verband/vereine/,,"January 04, 2024"
https://www.bocholter-husaren.de,Nordrhein-Westfalen,https://tnw.de/verband/vereine/,,"January 04, 2024"
https://www.boston-club.de,Nordrhein-Westfalen,https://tnw.de/verband/vereine/,,"January 04, 2024"
https://www.capoeiraduisburg.de,Nordrhein-Westfalen,https://tnw.de/verband/vereine/,,"January 04, 2024"
https://www.dancesportteam.cologne,Nordrhein-Westfalen,https://tnw.de/verband/vereine/,,"January 04, 2024"
https://www.dancing-sweethearts.de,Nordrhein-Westfalen,https://tnw.de/verband/vereine/,,"January 04, 2024"
https://www.dosb.de/,Nordrhein-Westfalen,https://tnw.de/verband/vereine/,,"January 04, 2024"
https://www.facebook.com/TanzsportverbandNordrheinWestfalenEv,Nordrhein-Westfalen,https://tnw.de/verband/vereine/,,"January 04, 2024"
https://www.gruen-weiss-aachen.de,Nordrhein-Westfalen,https://tnw.de/verband/vereine/,,"January 04, 2024"
https://www.hammer-sportclub-08.de/,Nordrhein-Westfalen,https://tnw.de/verband/vereine/,,"January 04, 2024"
https://www.jazzdevils.de,Nordrhein-Westfalen,https://tnw.de/verband/vereine/,,"January 04, 2024"
https://www.jmdc-lohmar.de,Nordrhein-Westfalen,https://tnw.de/verband/vereine/,,"January 04, 2024"
https://www.kag-ossenberg.de/,Nordrhein-Westfalen,https://tnw.de/verband/vereine/,,"January 04, 2024"
https://www.kg-horbacher-freunde.de/,Nordrhein-Westfalen,https://tnw.de/verband/vereine/,,"January 04, 2024"
https://www.kggruen-weisshamm.de/,Nordrhein-Westfalen,https://tnw.de/verband/vereine/,,"January 04, 2024"
https://www.ktv-staeaenefleejer-liblar-2015.de/,Nordrhein-Westfalen,https://tnw.de/verband/vereine/,,"January 04, 2024"
https://www.kvnl.de,Nordrhein-Westfalen,https://tnw.de/verband/vereine/,,"January 04, 2024"
https://www.linedance4all.de,Nordrhein-Westfalen,https://tnw.de/verband/vereine/,,"January 04, 2024"
https://www.lsb.nrw,Nordrhein-Westfalen,https://tnw.de/verband/vereine/,,"January 04, 2024"
https://www.meerbuscher-tsc.de,Nordrhein-Westfalen,https://tnw.de/verband/vereine/,,"January 04, 2024"
https://www.post-sv-duesseldorf.de,Nordrhein-Westfalen,https://tnw.de/verband/vereine/,,"January 04, 2024"
https://www.rote-funken.bockum-hoevel.de,Nordrhein-Westfalen,https://tnw.de/verband/vereine/,,"January 04, 2024"
https://www.rrc-dueren.de/,Nordrhein-Westfalen,https://tnw.de/verband/vereine/,,"January 04, 2024"
https://www.rrc-muenster.de,Nordrhein-Westfalen,https://tnw.de/verband/vereine/,,"January 04, 2024"
https://www.rrcsquirrels.de,Nordrhein-Westfalen,https://tnw.de/verband/vereine/,,"January 04, 2024"
https://www.sc-halle.de,Nordrhein-Westfalen,https://tnw.de/verband/vereine/,,"January 04, 2024"
https://www.sg-borken.de/de/abteilungen/tanzsport/,Nordrhein-Westfalen,https://tnw.de/verband/vereine/,,"January 04, 2024"
https://www.sonn-maenn.de/,Nordrhein-Westfalen,https://tnw.de/verband/vereine/,,"January 04, 2024"
https://www.sus-schroettinghausen-deppendorf.de,Nordrhein-Westfalen,https://tnw.de/verband/vereine/,,"January 04, 2024"
https://www.sv-greven.de/,Nordrhein-Westfalen,https://tnw.de/verband/vereine/,,"January 04, 2024"
https://www.tanzclub-gelb-rot.de,Nordrhein-Westfalen,https://tnw.de/verband/vereine/,,"January 04, 2024"
https://www.tanzcorps-neye.de/,Nordrhein-Westfalen,https://tnw.de/verband/vereine/,,"January 04, 2024"
https://www.tanzen-in-huerth.com,Nordrhein-Westfalen,https://tnw.de/verband/vereine/,,"January 04, 2024"
https://www.tanzsport.de,Nordrhein-Westfalen,https://tnw.de/verband/vereine/,,"January 04, 2024"
https://www.tanzsportclub-erftstadt.de/,Nordrhein-Westfalen,https://tnw.de/verband/vereine/,,"January 04, 2024"
https://www.tanzwerkstatt-simmerath.de/,Nordrhein-Westfalen,https://tnw.de/verband/vereine/,,"January 04, 2024"
https://www.tckapellejonge.de/,Nordrhein-Westfalen,https://tnw.de/verband/vereine/,,"January 04, 2024"
https://www.teichgirls.de,Nordrhein-Westfalen,https://tnw.de/verband/vereine/,,"January 04, 2024"
https://www.tsc-haltern.de/,Nordrhein-Westfalen,https://tnw.de/verband/vereine/,,"January 04, 2024"
https://www.tsc-imperial.de,Nordrhein-Westfalen,https://tnw.de/verband/vereine/,,"January 04, 2024"
https://www.tscbwl.de/,Nordrhein-Westfalen,https://tnw.de/verband/vereine/,,"January 04, 2024"
https://www.tsv-hochdahl.de/,Nordrhein-Westfalen,https://tnw.de/verband/vereine/,,"January 04, 2024"
https://www.tsz-wulfen.de/index.php,Nordrhein-Westfalen,https://tnw.de/verband/vereine/,,"January 04, 2024"
https://www.ttc-schwarz-gold-moers.de,Nordrhein-Westfalen,https://tnw.de/verband/vereine/,,"January 04, 2024"
https://www.tus96hilden.de/,Nordrhein-Westfalen,https://tnw.de/verband/vereine/,,"January 04, 2024"
https://www.utc-muenster.de,Nordrhein-Westfalen,https://tnw.de/verband/vereine/,,"January 04, 2024"
https://www.volkstanzgruppe-herford.de,Nordrhein-Westfalen,https://tnw.de/verband/vereine/,,"January 04, 2024"
https://www.worlddancesport.org/,Nordrhein-Westfalen,https://tnw.de/verband/vereine/,,"January 04, 2024"
http://www.tstv-bw.de,Baden-Wuerttemberg,https://www.tbw.de/home/verband/vereine?tx_piidata_vereinssuche%5Baction%5D=search&tx_piidata_vereinssuche%5Bcontroller%5D=Verein&cHash=3d7c9572d9bcfa7b932c237a6f44fafc,,"January 04, 2024"
https://de-de.facebook.com/tbw.tanzen,Baden-Wuerttemberg,https://www.tbw.de/home/verband/vereine?tx_piidata_vereinssuche%5Baction%5D=search&tx_piidata_vereinssuche%5Bcontroller%5D=Verein&cHash=3d7c9572d9bcfa7b932c237a6f44fafc,,"January 04, 2024"
https://tbw.it4sport.de,Baden-Wuerttemberg,https://www.tbw.de/home/verband/vereine?tx_piidata_vereinssuche%5Baction%5D=search&tx_piidata_vereinssuche%5Bcontroller%5D=Verein&cHash=3d7c9572d9bcfa7b932c237a6f44fafc,,"January 04, 2024"
https://tbw.it4sport.de/index.php,Baden-Wuerttemberg,https://www.tbw.de/home/verband/vereine?tx_piidata_vereinssuche%5Baction%5D=search&tx_piidata_vereinssuche%5Bcontroller%5D=Verein&cHash=3d7c9572d9bcfa7b932c237a6f44fafc,,"January 04, 2024"
https://www.instagram.com/tbw_tanzen/?hl=de,Baden-Wuerttemberg,https://www.tbw.de/home/verband/vereine?tx_piidata_vereinssuche%5Baction%5D=search&tx_piidata_vereinssuche%5Bcontroller%5D=Verein&cHash=3d7c9572d9bcfa7b932c237a6f44fafc,,"January 04, 2024"
http://royal-dance-berlin.de,Berlin,https://ltv-berlin.de/de/verband/vereine/vereinsliste,,"January 04, 2024"
http://samuels-world.com/,Berlin,https://ltv-berlin.de/de/verband/vereine/vereinsliste,,"January 04, 2024"
http://www.TG-Diabas.de,Berlin,https://ltv-berlin.de/de/verband/vereine/vereinsliste,,"January 04, 2024"
http://www.ahorn-club.de,Berlin,https://ltv-berlin.de/de/verband/vereine/vereinsliste,,"January 04, 2024"
http://www.albaberlin.de,Berlin,https://ltv-berlin.de/de/verband/vereine/vereinsliste,,"January 04, 2024"
http://www.askania-tsc.de,Berlin,https://ltv-berlin.de/de/verband/vereine/vereinsliste,,"January 04, 2024"
http://www.ballroom-berlin.de,Berlin,https://ltv-berlin.de/de/verband/vereine/vereinsliste,,"January 04, 2024"
http://www.btc-gruen-gold.de,Berlin,https://ltv-berlin.de/de/verband/vereine/vereinsliste,,"January 04, 2024"
http://www.capoeira-senzala.de,Berlin,https://ltv-berlin.de/de/verband/vereine/vereinsliste,,"January 04, 2024"
http://www.majorettencorps.de,Berlin,https://ltv-berlin.de/de/verband/vereine/vereinsliste,,"January 04, 2024"
http://www.psb24-tanzen.de,Berlin,https://ltv-berlin.de/de/verband/vereine/vereinsliste,,"January 04, 2024"
http://www.psv-olympia-berlin-tanzteam.de,Berlin,https://ltv-berlin.de/de/verband/vereine/vereinsliste,,"January 04, 2024"
http://www.richtigrum.org,Berlin,https://ltv-berlin.de/de/verband/vereine/vereinsliste,,"January 04, 2024"
http://www.rotgold-berlin.de,Berlin,https://ltv-berlin.de/de/verband/vereine/vereinsliste,,"January 04, 2024"
http://www.rrc-butterfly.de,Berlin,https://ltv-berlin.de/de/verband/vereine/vereinsliste,,"January 04, 2024"
http://www.rrc-cadillac.de,Berlin,https://ltv-berlin.de/de/verband/vereine/vereinsliste,,"January 04, 2024"
http://www.rrc-spreeathen.de,Berlin,https://ltv-berlin.de/de/verband/vereine/vereinsliste,,"January 04, 2024"
http://www.salsacubanaberlin.de,Berlin,https://ltv-berlin.de/de/verband/vereine/vereinsliste,,"January 04, 2024"
http://www.schwarz-rot-berlin.de,Berlin,https://ltv-berlin.de/de/verband/vereine/vereinsliste,,"January 04, 2024"
http://www.scs-tanzen.de,Berlin,https://ltv-berlin.de/de/verband/vereine/vereinsliste,,"January 04, 2024"
http://www.shallwedance-berlin.de,Berlin,https://ltv-berlin.de/de/verband/vereine/vereinsliste,,"January 04, 2024"
http://www.spree-athen.com,Berlin,https://ltv-berlin.de/de/verband/vereine/vereinsliste,,"January 04, 2024"
http://www.ssc-tanzen.de/,Berlin,https://ltv-berlin.de/de/verband/vereine/vereinsliste,,"January 04, 2024"
http://www.sv-wba.de,Berlin,https://ltv-berlin.de/de/verband/vereine/vereinsliste,,"January 04, 2024"
http://www.tanz-akademie-berlin.de,Berlin,https://ltv-berlin.de/de/verband/vereine/vereinsliste,,"January 04, 2024"
http://www.tanzclub-classic.de,Berlin,https://ltv-berlin.de/de/verband/vereine/vereinsliste,,"January 04, 2024"
http://www.tanzzwiet.de,Berlin,https://ltv-berlin.de/de/verband/vereine/vereinsliste,,"January 04, 2024"
http://www.tc-blaugold.de,Berlin,https://ltv-berlin.de/de/verband/vereine/vereinsliste,,"January 04, 2024"
http://www.tc-brillant.de,Berlin,https://ltv-berlin.de/de/verband/vereine/vereinsliste,,"January 04, 2024"
http://www.tc-tanzbären-berlin.de,Berlin,https://ltv-berlin.de/de/verband/vereine/vereinsliste,,"January 04, 2024"
http://www.tmfv.de,Berlin,https://ltv-berlin.de/de/verband/vereine/vereinsliste,,"January 04, 2024"
http://www.tsc-balance.de,Berlin,https://ltv-berlin.de/de/verband/vereine/vereinsliste,,"January 04, 2024"
http://www.tsc-gruen-weiss-berlin.de,Berlin,https://ltv-berlin.de/de/verband/vereine/vereinsliste,,"January 04, 2024"
http://www.tsg-residenz.info/,Berlin,https://ltv-berlin.de/de/verband/vereine/vereinsliste,,"January 04, 2024"
http://www.tsv-rudow.de,Berlin,https://ltv-berlin.de/de/verband/vereine/vereinsliste,,"January 04, 2024"
http://www.tsv-spandau-1860.de,Berlin,https://ltv-berlin.de/de/verband/vereine/vereinsliste,,"January 04, 2024"
http://www.tsz-blaugold.de,Berlin,https://ltv-berlin.de/de/verband/vereine/vereinsliste,,"January 04, 2024"
http://www.tszconcordia.de,Berlin,https://ltv-berlin.de/de/verband/vereine/vereinsliste,,"January 04, 2024"
http://www.tszphoenix.de/,Berlin,https://ltv-berlin.de/de/verband/vereine/vereinsliste,,"January 04, 2024"
http://www.ttc-carat.de,Berlin,https://ltv-berlin.de/de/verband/vereine/vereinsliste,,"January 04, 2024"
http://www.ttk-buergerpark.de,Berlin,https://ltv-berlin.de/de/verband/vereine/vereinsliste,,"January 04, 2024"
http://www.vfl-lichtenrade.de,Berlin,https://ltv-berlin.de/de/verband/vereine/vereinsliste,,"January 04, 2024"
http://www.weiss-gold-casino-berlin.de/,Berlin,https://ltv-berlin.de/de/verband/vereine/vereinsliste,,"January 04, 2024"
https://berlin-dance-festival.de/de/home,Berlin,https://ltv-berlin.de/de/verband/vereine/vereinsliste,,"January 04, 2024"
https://blau-silber-berlin.de/,Berlin,https://ltv-berlin.de/de/verband/vereine/vereinsliste,,"January 04, 2024"
https://fica-berlin.org/,Berlin,https://ltv-berlin.de/de/verband/vereine/vereinsliste,,"January 04, 2024"
https://rotgold-berlin.de/veranstaltungen,Berlin,https://ltv-berlin.de/de/verband/vereine/vereinsliste,,"January 04, 2024"
https://tanzspiegel.1kcloud.com/ep15ea72926d8393/#0,Berlin,https://ltv-berlin.de/de/verband/vereine/vereinsliste,,"January 04, 2024"
https://tscjd.clubdesk.com/clubdesk/www,Berlin,https://ltv-berlin.de/de/verband/vereine/vereinsliste,,"January 04, 2024"
https://www.blau-weiss-berlin.de,Berlin,https://ltv-berlin.de/de/verband/vereine/vereinsliste,,"January 04, 2024"
https://www.creative-club-berlin.de/,Berlin,https://ltv-berlin.de/de/verband/vereine/vereinsliste,,"January 04, 2024"
https://www.facebook.com/LTVBerlin,Berlin,https://ltv-berlin.de/de/verband/vereine/vereinsliste,,"January 04, 2024"
https://www.instagram.com/ltvberlin_btsj/,Berlin,https://ltv-berlin.de/de/verband/vereine/vereinsliste,,"January 04, 2024"
https://www.sv-wba.de,Berlin,https://ltv-berlin.de/de/verband/vereine/vereinsliste,,"January 04, 2024"
https://www.tiktok.com/@ltvberlin_btsj,Berlin,https://ltv-berlin.de/de/verband/vereine/vereinsliste,,"January 04, 2024"
https://www.youtube.com/channel/UCQF2TkQS-NmpmsPV74f_LuQ,Berlin,https://ltv-berlin.de/de/verband/vereine/vereinsliste,,"January 04, 2024"
http://tanzclub-rose.de,Brandenburg,https://tanzsport-brandenburg.de/?page_id=392,,"January 04, 2024"
http://www.TSC-Take-it-easy.de,Brandenburg,https://tanzsport-brandenburg.de/?page_id=392,,"January 04, 2024"
http://www.blaugelb90.de,Brandenburg,https://tanzsport-brandenburg.de/?page_id=392,,"January 04, 2024"
http://www.buckower-linedancer.de,Brandenburg,https://tanzsport-brandenburg.de/?page_id=392,,"January 04, 2024"
http://www.elegance-potsdam.de,Brandenburg,https://tanzsport-brandenburg.de/?page_id=392,,"January 04, 2024"
http://www.tanzsport-eberswalde.de,Brandenburg,https://tanzsport-brandenburg.de/?page_id=392,,"January 04, 2024"
http://www.tsc-frankfurt.de,Brandenburg,https://tanzsport-brandenburg.de/?page_id=392,,"January 04, 2024"
http://www.tsc-schwedt.de,Brandenburg,https://tanzsport-brandenburg.de/?page_id=392,,"January 04, 2024"
http://www.ttk-barnim.de,Brandenburg,https://tanzsport-brandenburg.de/?page_id=392,,"January 04, 2024"
https://ksb-lds.de/sport-in-lds/sportvereine-in-lds/1.-tanzsportclub-kw-wildau-e.v..html,Brandenburg,https://tanzsport-brandenburg.de/?page_id=392,,"January 04, 2024"
https://tanzsport-schwedt.de,Brandenburg,https://tanzsport-brandenburg.de/?page_id=392,,"January 04, 2024"
https://tc-schwarz-rot-neuruppin.de,Brandenburg,https://tanzsport-brandenburg.de/?page_id=392,,"January 04, 2024"
https://tsc-arriba-motzen.jimdofree.com,Brandenburg,https://tanzsport-brandenburg.de/?page_id=392,,"January 04, 2024"
https://wackerdance.de/,Brandenburg,https://tanzsport-brandenburg.de/?page_id=392,,"January 04, 2024"
https://web.facebook.com/pages/category/Nonprofit-Organization/Landestanzsportverband-Brandenburg-eV-652340401878511/?_rdc=1&_rdr,Brandenburg,https://tanzsport-brandenburg.de/?page_id=392,,"January 04, 2024"
https://wp-royal-themes.com/,Brandenburg,https://tanzsport-brandenburg.de/?page_id=392,,"January 04, 2024"
https://www.ewg-alaaf.de,Brandenburg,https://tanzsport-brandenburg.de/?page_id=392,,"January 04, 2024"
https://www.jdcc99.de,Brandenburg,https://tanzsport-brandenburg.de/?page_id=392,,"January 04, 2024"
https://www.lok-potsdam.de/index.php/abteilungen/tanzsport,Brandenburg,https://tanzsport-brandenburg.de/?page_id=392,,"January 04, 2024"
https://www.mtsg-strausberg.de,Brandenburg,https://tanzsport-brandenburg.de/?page_id=392,,"January 04, 2024"
https://www.rot-gold-potsdam.de,Brandenburg,https://tanzsport-brandenburg.de/?page_id=392,,"January 04, 2024"
https://www.sg-rot-weiss-neuenhagen.de,Brandenburg,https://tanzsport-brandenburg.de/?page_id=392,,"January 04, 2024"
https://www.tanzclub-bernau.de,Brandenburg,https://tanzsport-brandenburg.de/?page_id=392,,"January 04, 2024"
https://www.tanzclub-luckau.de,Brandenburg,https://tanzsport-brandenburg.de/?page_id=392,,"January 04, 2024"
https://www.tanzschule-allround.de,Brandenburg,https://tanzsport-brandenburg.de/?page_id=392,,"January 04, 2024"
https://www.tanzsport-finsterwalde.de,Brandenburg,https://tanzsport-brandenburg.de/?page_id=392,,"January 04, 2024"
https://www.tanzsport.de/de/news,Brandenburg,https://tanzsport-brandenburg.de/?page_id=392,,"January 04, 2024"
https://www.tc-wandlitz.de,Brandenburg,https://tanzsport-brandenburg.de/?page_id=392,,"January 04, 2024"
https://www.tsc-imperial-neuruppin.de,Brandenburg,https://tanzsport-brandenburg.de/?page_id=392,,"January 04, 2024"
https://www.tsc-lausitz.de,Brandenburg,https://tanzsport-brandenburg.de/?page_id=392,,"January 04, 2024"
https://www.tsc-potsblitz.de,Brandenburg,https://tanzsport-brandenburg.de/?page_id=392,,"January 04, 2024"
https://www.tsc-smaragd.com,Brandenburg,https://tanzsport-brandenburg.de/?page_id=392,,"January 04, 2024"
https://www.tsv-schoenwalde.de,Brandenburg,https://tanzsport-brandenburg.de/?page_id=392,,"January 04, 2024"
http://ttk-gruen-weiss-vegesack.de/,Bremen,https://ltvbremen.de/verband/vereine,,"January 04, 2024"
http://vereinvorwaerts.de/,Bremen,https://ltvbremen.de/verband/vereine,,"January 04, 2024"
http://www.jamboree-line-dancer.de/,Bremen,https://ltvbremen.de/verband/vereine,,"January 04, 2024"
http://www.key-porters-sdc.de/,Bremen,https://ltvbremen.de/verband/vereine,,"January 04, 2024"
http://www.tscbremerschluessel.de/,Bremen,https://ltvbremen.de/verband/vereine,,"January 04, 2024"
https://devowl.io/de/wordpress-real-cookie-banner/,Bremen,https://ltvbremen.de/verband/vereine,,"January 04, 2024"
https://swingmantau.de/,Bremen,https://ltvbremen.de/verband/vereine,,"January 04, 2024"
https://tc-gold-und-silber.de,Bremen,https://ltvbremen.de/verband/vereine,,"January 04, 2024"
https://tc-gold-und-silber.de/,Bremen,https://ltvbremen.de/verband/vereine,,"January 04, 2024"
https://tsg-bremerhaven.de/,Bremen,https://ltvbremen.de/verband/vereine,,"January 04, 2024"
https://www.bremen1860.de/,Bremen,https://ltvbremen.de/verband/vereine,,"January 04, 2024"
https://www.eiche-horn.de/sportangebot/tanzsport.html,Bremen,https://ltvbremen.de/verband/vereine,,"January 04, 2024"
https://www.facebook.com/LTVBremen,Bremen,https://ltvbremen.de/verband/vereine,,"January 04, 2024"
https://www.ggcbremen.de,Bremen,https://ltvbremen.de/verband/vereine,,"January 04, 2024"
https://www.instagram.com/ltvbremen/,Bremen,https://ltvbremen.de/verband/vereine,,"January 04, 2024"
https://www.mtv-eiche-schoenebeck-bremen.de/de/sportangebot/tanz/gesellschaftstanz/,Bremen,https://ltvbremen.de/verband/vereine,,"January 04, 2024"
https://www.otbremen.com/tanzen,Bremen,https://ltvbremen.de/verband/vereine,,"January 04, 2024"
https://www.rr-rebels.de,Bremen,https://ltvbremen.de/verband/vereine,,"January 04, 2024"
https://www.rr-rebels.de/,Bremen,https://ltvbremen.de/verband/vereine,,"January 04, 2024"
https://www.svhemelingen.de/,Bremen,https://ltvbremen.de/verband/vereine,,"January 04, 2024"
https://www.tcbs-bremen.de,Bremen,https://ltvbremen.de/verband/vereine,,"January 04, 2024"
https://www.tcbs-bremen.de/,Bremen,https://ltvbremen.de/verband/vereine,,"January 04, 2024"
https://www.tsv-lesum.de/abteilungen/tanzen.html,Bremen,https://ltvbremen.de/verband/vereine,,"January 04, 2024"
https://www.tus-komet-arsten.de/tanzen/,Bremen,https://ltvbremen.de/verband/vereine,,"January 04, 2024"
https://www.tv1875.de/sportarten/rock-n-roll/info---links,Bremen,https://ltvbremen.de/verband/vereine,,"January 04, 2024"
www.eiche-horn.de/sportangebot/tanzsport.html,Bremen,https://ltvbremen.de/verband/vereine,,"January 04, 2024"
http://ass-systemhaus.de/,Hessen,https://htv.de/vereine/,,"January 04, 2024"
http://pixelideen.com/,Hessen,https://htv.de/vereine/,,"January 04, 2024"
http://wtc-friedberg.de/,Hessen,https://htv.de/vereine/,,"January 04, 2024"
http://www.blau-gold-darmstadt.de,Hessen,https://htv.de/vereine/,,"January 04, 2024"
http://www.frankfurter-kreis.de,Hessen,https://htv.de/vereine/,,"January 04, 2024"
http://www.froggers.de,Hessen,https://htv.de/vereine/,,"January 04, 2024"
http://www.ksvauedamm.de,Hessen,https://htv.de/vereine/,,"January 04, 2024"
http://www.ktc-tanzsport.de,Hessen,https://htv.de/vereine/,,"January 04, 2024"
http://www.maingold-casino.de/,Hessen,https://htv.de/vereine/,,"January 04, 2024"
http://www.rot-gold-buedingen.de,Hessen,https://htv.de/vereine/,,"January 04, 2024"
http://www.skv-buettelborn.de,Hessen,https://htv.de/vereine/,,"January 04, 2024"
http://www.sv-blaugelb.de,Hessen,https://htv.de/vereine/,,"January 04, 2024"
http://www.tanz-usw.de,Hessen,https://htv.de/vereine/,,"January 04, 2024"
http://www.tanzclub-schwarz-weiss.de,Hessen,https://htv.de/vereine/,,"January 04, 2024"
http://www.tanzen-in-gustavsburg.de,Hessen,https://htv.de/vereine/,,"January 04, 2024"
http://www.tanzsportclub-biebergemuend.de,Hessen,https://htv.de/vereine/,,"January 04, 2024"
http://www.tanzsportclub-fulda.de,Hessen,https://htv.de/vereine/,,"January 04, 2024"
http://www.tanzsportclub-volkmarsen.de/,Hessen,https://htv.de/vereine/,,"January 04, 2024"
http://www.tc-nova.de/tc-nova/navigation/start.htm,Hessen,https://htv.de/vereine/,,"January 04, 2024"
http://www.tgs-seligenstadt.de/abteilungen/tanzsport,Hessen,https://htv.de/vereine/,,"January 04, 2024"
http://www.tsa-Friedberg.de,Hessen,https://htv.de/vereine/,,"January 04, 2024"
http://www.tsa-weiterstadt.de/,Hessen,https://htv.de/vereine/,,"January 04, 2024"
http://www.tsc-floersheim.de,Hessen,https://htv.de/vereine/,,"January 04, 2024"
http://www.tsc-lorsch.de/,Hessen,https://htv.de/vereine/,,"January 04, 2024"
http://www.tsc-semd.de/,Hessen,https://htv.de/vereine/,,"January 04, 2024"
http://www.tsccfw.de/,Hessen,https://htv.de/vereine/,,"January 04, 2024"
http://www.tscfischbach.de,Hessen,https://htv.de/vereine/,,"January 04, 2024"
http://www.turnerschaft-heddernheim.de/index.php,Hessen,https://htv.de/vereine/,,"January 04, 2024"
http://www.tusgriesheim.de/tsa/,Hessen,https://htv.de/vereine/,,"January 04, 2024"
http://www.tv-bruchenbruecken.de/,Hessen,https://htv.de/vereine/,,"January 04, 2024"
http://www.tv-dieburg.de,Hessen,https://htv.de/vereine/,,"January 04, 2024"
http://www.tv-erfelden.de,Hessen,https://htv.de/vereine/,,"January 04, 2024"
http://www.tvseeheim.de,Hessen,https://htv.de/vereine/,,"January 04, 2024"
https://kinzigtalev.jimdo.com/,Hessen,https://htv.de/vereine/,,"January 04, 2024"
https://pd.tanzsport.de/start.html,Hessen,https://htv.de/vereine/,,"January 04, 2024"
https://schwarz-gold.de/,Hessen,https://htv.de/vereine/,,"January 04, 2024"
https://schwarzgold.de/,Hessen,https://htv.de/vereine/,,"January 04, 2024"
https://tanzsport.de,Hessen,https://htv.de/vereine/,,"January 04, 2024"
https://tgs-walldorf.de/abteilung/tanzen/,Hessen,https://htv.de/vereine/,,"January 04, 2024"
https://ttcfortisnovamaintal.npage.de,Hessen,https://htv.de/vereine/,,"January 04, 2024"
https://www.atc-marburg.net,Hessen,https://htv.de/vereine/,,"January 04, 2024"
https://www.blau-gold-steinbach.de,Hessen,https://htv.de/vereine/,,"January 04, 2024"
https://www.blau-gold-viernheim.de,Hessen,https://htv.de/vereine/,,"January 04, 2024"
https://www.blau-orange.de,Hessen,https://htv.de/vereine/,,"January 04, 2024"
https://www.blaugold-langen.de,Hessen,https://htv.de/vereine/,,"January 04, 2024"
https://www.drbv.de,Hessen,https://htv.de/vereine/,,"January 04, 2024"
https://www.eppertshausen.de/,Hessen,https://htv.de/vereine/,,"January 04, 2024"
https://www.facebook.com/rrcfp,Hessen,https://htv.de/vereine/,,"January 04, 2024"
https://www.gtc-dreieich.de/joomla3/index.php,Hessen,https://htv.de/vereine/,,"January 04, 2024"
https://www.gtc-hofgeismar.de/,Hessen,https://htv.de/vereine/,,"January 04, 2024"
https://www.gtc74.de/,Hessen,https://htv.de/vereine/,,"January 04, 2024"
https://www.justdance-weiterstadt.de,Hessen,https://htv.de/vereine/,,"January 04, 2024"
https://www.lohfelden-tsg.de,Hessen,https://htv.de/vereine/,,"January 04, 2024"
https://www.maintalertsc.de,Hessen,https://htv.de/vereine/,,"January 04, 2024"
https://www.osc-vellmar.de,Hessen,https://htv.de/vereine/,,"January 04, 2024"
https://www.rot-weiss-viernheim.com,Hessen,https://htv.de/vereine/,,"January 04, 2024"
https://www.rrc-langenselbold.de,Hessen,https://htv.de/vereine/,,"January 04, 2024"
https://www.rwc-giessen.de,Hessen,https://htv.de/vereine/,,"January 04, 2024"
https://www.rwk-kassel.de,Hessen,https://htv.de/vereine/,,"January 04, 2024"
https://www.schwarz-silber.de/wordpress/,Hessen,https://htv.de/vereine/,,"January 04, 2024"
https://www.sg-arheilgen.de/sportangebot/tanzsport/,Hessen,https://htv.de/vereine/,,"January 04, 2024"
https://www.sg-dietzenbach.de/,Hessen,https://htv.de/vereine/,,"January 04, 2024"
https://www.sgk-bad-homburg.de/,Hessen,https://htv.de/vereine/,,"January 04, 2024"
https://www.sgs-tanzsport.de/,Hessen,https://htv.de/vereine/,,"January 04, 2024"
https://www.skg-bauschheim.de/index.php/pages/tanzen,Hessen,https://htv.de/vereine/,,"January 04, 2024"
https://www.skv-moerfelden.de/sport/tanzen/tanzen-über-uns,Hessen,https://htv.de/vereine/,,"January 04, 2024"
https://www.src-wetzlar.de/cms/,Hessen,https://htv.de/vereine/,,"January 04, 2024"
https://www.studio-nonstop.de,Hessen,https://htv.de/vereine/,,"January 04, 2024"
https://www.t-z-o.de/,Hessen,https://htv.de/vereine/,,"January 04, 2024"
https://www.tanz-freunde-fulda.de,Hessen,https://htv.de/vereine/,,"January 04, 2024"
https://www.tanz-giessen.de,Hessen,https://htv.de/vereine/,,"January 04, 2024"
https://www.tanzclub-hanau.de,Hessen,https://htv.de/vereine/,,"January 04, 2024"
https://www.tanzen-nidderau.de,Hessen,https://htv.de/vereine/,,"January 04, 2024"
https://www.tanzsportclub-saltatio.de,Hessen,https://htv.de/vereine/,,"January 04, 2024"
https://www.tc-blau-orange-weilburg.de/home.html,Hessen,https://htv.de/vereine/,,"January 04, 2024"
https://www.tcvaria.de,Hessen,https://htv.de/vereine/,,"January 04, 2024"
https://www.tg-lauterbach.de,Hessen,https://htv.de/vereine/,,"January 04, 2024"
https://www.tg-liederbach.de,Hessen,https://htv.de/vereine/,,"January 04, 2024"
https://www.tgv-rosengarten.de,Hessen,https://htv.de/vereine/,,"January 04, 2024"
https://www.tkk-altenstadt.de/,Hessen,https://htv.de/vereine/,,"January 04, 2024"
https://www.tsa-hausen.de,Hessen,https://htv.de/vereine/,,"January 04, 2024"
https://www.tsa-nidda.de,Hessen,https://htv.de/vereine/,,"January 04, 2024"
https://www.tsc-erato.de/html/index.php,Hessen,https://htv.de/vereine/,,"January 04, 2024"
https://www.tsc-neu-anspach.de,Hessen,https://htv.de/vereine/,,"January 04, 2024"
https://www.tsc-ober-ramstadt.de,Hessen,https://htv.de/vereine/,,"January 04, 2024"
https://www.tsc-pegasus-rheingau.de,Hessen,https://htv.de/vereine/,,"January 04, 2024"
https://www.tsc-roedermark.de,Hessen,https://htv.de/vereine/,,"January 04, 2024"
https://www.tsc-rot-weiss-ruesselsheim.de,Hessen,https://htv.de/vereine/,,"January 04, 2024"
https://www.tsc-schwalbach.de,Hessen,https://htv.de/vereine/,,"January 04, 2024"
https://www.tsc-schwalmkreis.de,Hessen,https://htv.de/vereine/,,"January 04, 2024"
https://www.tsc-schwarz-gelb-nidda.de,Hessen,https://htv.de/vereine/,,"January 04, 2024"
https://www.tsc-telos.de/TelosNet/,Hessen,https://htv.de/vereine/,,"January 04, 2024"
https://www.tsc-usingen.de,Hessen,https://htv.de/vereine/,,"January 04, 2024"
https://www.tsc-wettenberg.de,Hessen,https://htv.de/vereine/,,"January 04, 2024"
https://www.tsc-ysenburg.de,Hessen,https://htv.de/vereine/,,"January 04, 2024"
https://www.tscmetropolhofheim.de/,Hessen,https://htv.de/vereine/,,"January 04, 2024"
https://www.tscnordenstadt.de/,Hessen,https://htv.de/vereine/,,"January 04, 2024"
https://www.tsf-wehrheim-anspach.de,Hessen,https://htv.de/vereine/,,"January 04, 2024"
https://www.tsg-alten-buseck.com/,Hessen,https://htv.de/vereine/,,"January 04, 2024"
https://www.tsg-marburg.de,Hessen,https://htv.de/vereine/,,"January 04, 2024"
https://www.tsg-oberursel.de,Hessen,https://htv.de/vereine/,,"January 04, 2024"
https://www.tsg-tanzen.de,Hessen,https://htv.de/vereine/,,"January 04, 2024"
https://www.tsg-wixhausen.de/index.php/karnevall/tanzsportclub-des-kcw,Hessen,https://htv.de/vereine/,,"January 04, 2024"
https://www.tsg98.de/abteilungen/tanzen/,Hessen,https://htv.de/vereine/,,"January 04, 2024"
https://www.tsgschmitten.de,Hessen,https://htv.de/vereine/,,"January 04, 2024"
https://www.tsk-goldstein.de/,Hessen,https://htv.de/vereine/,,"January 04, 2024"
https://www.tv-kalbach.de,Hessen,https://htv.de/vereine/,,"January 04, 2024"
https://www.tv-sindlingen.de,Hessen,https://htv.de/vereine/,,"January 04, 2024"
https://www.tv1886trebur.de/vereinsleben/tanzsport-abteilung/,Hessen,https://htv.de/vereine/,,"January 04, 2024"
https://www.tvbabenhausen.de/,Hessen,https://htv.de/vereine/,,"January 04, 2024"
https://www.tzheusenstamm.de,Hessen,https://htv.de/vereine/,,"January 04, 2024"
http://andre-grundmann.de/,Mecklenburg-Vorpommern,https://www.tanzsport-mv.de/der-verband/,,"January 04, 2024"
http://www.tanzentorgelow.de/,Mecklenburg-Vorpommern,https://www.tanzsport-mv.de/der-verband/,,"January 04, 2024"
http://www.tanzsport-stralsund.de/,Mecklenburg-Vorpommern,https://www.tanzsport-mv.de/der-verband/,,"January 04, 2024"
http://www.tc-pasewalk-strasburg.de/,Mecklenburg-Vorpommern,https://www.tanzsport-mv.de/der-verband/,,"January 04, 2024"
http://www.tsc-nordlicht-rostock.de/,Mecklenburg-Vorpommern,https://www.tanzsport-mv.de/der-verband/,,"January 04, 2024"
https://sv-dalberg.de/,Mecklenburg-Vorpommern,https://www.tanzsport-mv.de/der-verband/,,"January 04, 2024"
https://tsv09.tanzen-in-greifswald.de/,Mecklenburg-Vorpommern,https://www.tanzsport-mv.de/der-verband/,,"January 04, 2024"
https://ttc-allround.de/,Mecklenburg-Vorpommern,https://www.tanzsport-mv.de/der-verband/,,"January 04, 2024"
https://www.ostseetanz-greifswald.de/,Mecklenburg-Vorpommern,https://www.tanzsport-mv.de/der-verband/,,"January 04, 2024"
https://www.sc-neubrandenburg.de/,Mecklenburg-Vorpommern,https://www.tanzsport-mv.de/der-verband/,,"January 04, 2024"
https://www.tanzclub-tollensetal.de/,Mecklenburg-Vorpommern,https://www.tanzsport-mv.de/der-verband/,,"January 04, 2024"
https://www.tc-seestern-rostock.de/,Mecklenburg-Vorpommern,https://www.tanzsport-mv.de/der-verband/,,"January 04, 2024"
https://www.tsg-anklam.de/,Mecklenburg-Vorpommern,https://www.tanzsport-mv.de/der-verband/,,"January 04, 2024"
http://homburgernarrenzunft.de/,Sachsen-Anhalt,https://www.tanzen-slt.de/public/verband/die-vereine.html,,"January 04, 2024"
http://rr-saarland.de/,Sachsen-Anhalt,https://www.tanzen-slt.de/public/verband/die-vereine.html,,"January 04, 2024"
http://saargold-merzig.de/verein/,Sachsen-Anhalt,https://www.tanzen-slt.de/public/verband/die-vereine.html,,"January 04, 2024"
http://www.atsv-tanzsport.de/,Sachsen-Anhalt,https://www.tanzen-slt.de/public/verband/die-vereine.html,,"January 04, 2024"
http://www.dancepoint-nk.de/,Sachsen-Anhalt,https://www.tanzen-slt.de/public/verband/die-vereine.html,,"January 04, 2024"
http://www.dieboogies.de/,Sachsen-Anhalt,https://www.tanzen-slt.de/public/verband/die-vereine.html,,"January 04, 2024"
http://www.gruen-gold.net/,Sachsen-Anhalt,https://www.tanzen-slt.de/public/verband/die-vereine.html,,"January 04, 2024"
http://www.postsv-saar.de/,Sachsen-Anhalt,https://www.tanzen-slt.de/public/verband/die-vereine.html,,"January 04, 2024"
http://www.rrc-homburg.de,Sachsen-Anhalt,https://www.tanzen-slt.de/public/verband/die-vereine.html,,"January 04, 2024"
http://www.saar05-tanzsport.de/,Sachsen-Anhalt,https://www.tanzen-slt.de/public/verband/die-vereine.html,,"January 04, 2024"
http://www.sajutata.tanzsport-homburg.de/,Sachsen-Anhalt,https://www.tanzen-slt.de/public/verband/die-vereine.html,,"January 04, 2024"
http://www.schwimmverein-friedrichsthal.de/?page_id=119,Sachsen-Anhalt,https://www.tanzen-slt.de/public/verband/die-vereine.html,,"January 04, 2024"
http://www.stc-schwarz-rot.de/,Sachsen-Anhalt,https://www.tanzen-slt.de/public/verband/die-vereine.html,,"January 04, 2024"
http://www.tanzen-in-saarlouis.de/,Sachsen-Anhalt,https://www.tanzen-slt.de/public/verband/die-vereine.html,,"January 04, 2024"
http://www.tanzfieber.de/,Sachsen-Anhalt,https://www.tanzen-slt.de/public/verband/die-vereine.html,,"January 04, 2024"
http://www.tanzfreunde-mandelbachtal.de,Sachsen-Anhalt,https://www.tanzen-slt.de/public/verband/die-vereine.html,,"January 04, 2024"
http://www.tanzschule-saarlouis.de/tanzsportclub/,Sachsen-Anhalt,https://www.tanzen-slt.de/public/verband/die-vereine.html,,"January 04, 2024"
http://www.tanzsport-homburg.de,Sachsen-Anhalt,https://www.tanzen-slt.de/public/verband/die-vereine.html,,"January 04, 2024"
http://www.tg-blau-gold.de/,Sachsen-Anhalt,https://www.tanzen-slt.de/public/verband/die-vereine.html,,"January 04, 2024"
http://www.tsc-ottweiler.de/,Sachsen-Anhalt,https://www.tanzen-slt.de/public/verband/die-vereine.html,,"January 04, 2024"
http://www.tsc-royal-vk.de/,Sachsen-Anhalt,https://www.tanzen-slt.de/public/verband/die-vereine.html,,"January 04, 2024"
http://www.tsc-rubin.de/,Sachsen-Anhalt,https://www.tanzen-slt.de/public/verband/die-vereine.html,,"January 04, 2024"
http://www.tsv-ford-steinrausch.de/category/verein/sportangebot/rock-n-roll/,Sachsen-Anhalt,https://www.tanzen-slt.de/public/verband/die-vereine.html,,"January 04, 2024"
http://www.tv-lebach.de/,Sachsen-Anhalt,https://www.tanzen-slt.de/public/verband/die-vereine.html,,"January 04, 2024"
http://www.tvrehlingen.de/sportart_detail.php?sid=3,Sachsen-Anhalt,https://www.tanzen-slt.de/public/verband/die-vereine.html,,"January 04, 2024"
http://www.tvrusshuette.de/,Sachsen-Anhalt,https://www.tanzen-slt.de/public/verband/die-vereine.html,,"January 04, 2024"
http://www.tvschwalbach.de/,Sachsen-Anhalt,https://www.tanzen-slt.de/public/verband/die-vereine.html,,"January 04, 2024"
https://de-de.facebook.com/tanzenimslt/,Sachsen-Anhalt,https://www.tanzen-slt.de/public/verband/die-vereine.html,,"January 04, 2024"
https://purelydance.jimdofree.com,Sachsen-Anhalt,https://www.tanzen-slt.de/public/verband/die-vereine.html,,"January 04, 2024"
https://www.gnu.org/licenses/gpl-2.0.html,Sachsen-Anhalt,https://www.tanzen-slt.de/public/verband/die-vereine.html,,"January 04, 2024"
https://www.joomla.org,Sachsen-Anhalt,https://www.tanzen-slt.de/public/verband/die-vereine.html,,"January 04, 2024"
https://www.lsvs.de/mediaportal/saarsport-magazin,Sachsen-Anhalt,https://www.tanzen-slt.de/public/verband/die-vereine.html,,"January 04, 2024"
https://www.schermscha.de/,Sachsen-Anhalt,https://www.tanzen-slt.de/public/verband/die-vereine.html,,"January 04, 2024"
http://www.blau-gold-burg.de,Sachsen-Anhalt,https://www.ltvsa.de/verband/vereine,,"January 04, 2024"
http://www.ccoev.de,Sachsen-Anhalt,https://www.ltvsa.de/verband/vereine,,"January 04, 2024"
http://www.dance-kids-koennern.jimdo.de,Sachsen-Anhalt,https://www.ltvsa.de/verband/vereine,,"January 04, 2024"
http://www.gruen-rot.de,Sachsen-Anhalt,https://www.ltvsa.de/verband/vereine,,"January 04, 2024"
http://www.magdeburg-tanzt.de,Sachsen-Anhalt,https://www.ltvsa.de/verband/vereine,,"January 04, 2024"
http://www.merseburg-tanzt.de,Sachsen-Anhalt,https://www.ltvsa.de/verband/vereine,,"January 04, 2024"
http://www.tanzclub-halle.de,Sachsen-Anhalt,https://www.ltvsa.de/verband/vereine,,"January 04, 2024"
http://www.tanzclub-zerbst.de,Sachsen-Anhalt,https://www.ltvsa.de/verband/vereine,,"January 04, 2024"
http://www.tanzsport-wittenberg.de,Sachsen-Anhalt,https://www.ltvsa.de/verband/vereine,,"January 04, 2024"
http://www.tanzsportclub-blk.de,Sachsen-Anhalt,https://www.ltvsa.de/verband/vereine,,"January 04, 2024"
http://www.tanzsportclub-wernigerode.de,Sachsen-Anhalt,https://www.ltvsa.de/verband/vereine,,"January 04, 2024"
http://www.tc-rotgold.de,Sachsen-Anhalt,https://www.ltvsa.de/verband/vereine,,"January 04, 2024"
http://www.tsc-dessau.de,Sachsen-Anhalt,https://www.ltvsa.de/verband/vereine,,"January 04, 2024"
http://www.tsc-magdeburg.de,Sachsen-Anhalt,https://www.ltvsa.de/verband/vereine,,"January 04, 2024"
http://www.tsc-rieder.de,Sachsen-Anhalt,https://www.ltvsa.de/verband/vereine,,"January 04, 2024"
https://www.facebook.com/LTV.Sachsen-Anhalt,Sachsen-Anhalt,https://www.ltvsa.de/verband/vereine,,"January 04, 2024"
https://www.tanzen-in-sachsen-anhalt.de/freizeittanzen,Sachsen-Anhalt,https://www.ltvsa.de/verband/vereine,,"January 04, 2024"
https://www.tanzen-in-sachsen-anhalt.de/impressum,Sachsen-Anhalt,https://www.ltvsa.de/verband/vereine,,"January 04, 2024"
https://www.tanzen-in-sachsen-anhalt.de/impressum/datenschutzerklaerung,Sachsen-Anhalt,https://www.ltvsa.de/verband/vereine,,"January 04, 2024"
https://www.tanzen-in-sachsen-anhalt.de/kontakt,Sachsen-Anhalt,https://www.ltvsa.de/verband/vereine,,"January 04, 2024"
https://www.tanzen-in-sachsen-anhalt.de/lehre,Sachsen-Anhalt,https://www.ltvsa.de/verband/vereine,,"January 04, 2024"
https://www.tanzen-in-sachsen-anhalt.de/tanzsport,Sachsen-Anhalt,https://www.ltvsa.de/verband/vereine,,"January 04, 2024"
https://www.tanzen-in-sachsen-anhalt.de/veranstaltungskalender,Sachsen-Anhalt,https://www.ltvsa.de/verband/vereine,,"January 04, 2024"
https://www.tanzen-in-sachsen-anhalt.de/verband/downloads,Sachsen-Anhalt,https://www.ltvsa.de/verband/vereine,,"January 04, 2024"
https://www.tanzen-in-sachsen-anhalt.de/verband/lizenztraegerinfos,Sachsen-Anhalt,https://www.ltvsa.de/verband/vereine,,"January 04, 2024"
https://www.tanzen-in-sachsen-anhalt.de/verband/praesidium,Sachsen-Anhalt,https://www.ltvsa.de/verband/vereine,,"January 04, 2024"
https://www.tanzen-in-sachsen-anhalt.de/verband/ueber-uns,Sachsen-Anhalt,https://www.ltvsa.de/verband/vereine,,"January 04, 2024"
https://www.tanzen-in-sachsen-anhalt.de/verband/vereine,Sachsen-Anhalt,https://www.ltvsa.de/verband/vereine,,"January 04, 2024"
http://nygemuenster.de/,Schleswig-Holstein,https://www.tanzen-in-sh.de/verband/vereine,,"January 04, 2024"
http://psv-eutin.de/tanzen/,Schleswig-Holstein,https://www.tanzen-in-sh.de/verband/vereine,,"January 04, 2024"
http://tanzen-in-sh.de/administrator,Schleswig-Holstein,https://www.tanzen-in-sh.de/verband/vereine,,"January 04, 2024"
http://ttc-elmshorn.de/,Schleswig-Holstein,https://www.tanzen-in-sh.de/verband/vereine,,"January 04, 2024"
http://www.1ltk.info,Schleswig-Holstein,https://www.tanzen-in-sh.de/verband/vereine,,"January 04, 2024"
http://www.1sc-norderstedt-tsa.de/,Schleswig-Holstein,https://www.tanzen-in-sh.de/verband/vereine,,"January 04, 2024"
http://www.atsv-tanzen.de/,Schleswig-Holstein,https://www.tanzen-in-sh.de/verband/vereine,,"January 04, 2024"
http://www.balticlinedancers.de/,Schleswig-Holstein,https://www.tanzen-in-sh.de/verband/vereine,,"January 04, 2024"
http://www.danceandfly.de,Schleswig-Holstein,https://www.tanzen-in-sh.de/verband/vereine,,"January 04, 2024"
http://www.dancefactorynord.de,Schleswig-Holstein,https://www.tanzen-in-sh.de/verband/vereine,,"January 04, 2024"
http://www.flensburger-tanzclub.de,Schleswig-Holstein,https://www.tanzen-in-sh.de/verband/vereine,,"January 04, 2024"
http://www.flyingsaucers.de,Schleswig-Holstein,https://www.tanzen-in-sh.de/verband/vereine,,"January 04, 2024"
http://www.hobby-tanzsport.de,Schleswig-Holstein,https://www.tanzen-in-sh.de/verband/vereine,,"January 04, 2024"
http://www.jolly-dancers.de/,Schleswig-Holstein,https://www.tanzen-in-sh.de/verband/vereine,,"January 04, 2024"
http://www.luebeck-1876.de/tanzen,Schleswig-Holstein,https://www.tanzen-in-sh.de/verband/vereine,,"January 04, 2024"
http://www.neustaedter-tanzclub.de/,Schleswig-Holstein,https://www.tanzen-in-sh.de/verband/vereine,,"January 04, 2024"
http://www.nimbus2004.de,Schleswig-Holstein,https://www.tanzen-in-sh.de/verband/vereine,,"January 04, 2024"
http://www.raisdorfertsv.de/spartenmenue/tanzen,Schleswig-Holstein,https://www.tanzen-in-sh.de/verband/vereine,,"January 04, 2024"
http://www.sv-hammer1945.de/Tanzen/,Schleswig-Holstein,https://www.tanzen-in-sh.de/verband/vereine,,"January 04, 2024"
http://www.tanzen-in-bargteheide.de,Schleswig-Holstein,https://www.tanzen-in-sh.de/verband/vereine,,"January 04, 2024"
http://www.tanzen-in-eckernfoer.de,Schleswig-Holstein,https://www.tanzen-in-sh.de/verband/vereine,,"January 04, 2024"
http://www.tanzen-in-kiel.de,Schleswig-Holstein,https://www.tanzen-in-sh.de/verband/vereine,,"January 04, 2024"
http://www.tanzen-in-kronshagen.de,Schleswig-Holstein,https://www.tanzen-in-sh.de/verband/vereine,,"January 04, 2024"
http://www.tanzen-in-wahlstedt.de/,Schleswig-Holstein,https://www.tanzen-in-sh.de/verband/vereine,,"January 04, 2024"
http://www.tanzsport.de,Schleswig-Holstein,https://www.tanzen-in-sh.de/verband/vereine,,"January 04, 2024"
http://www.tc-concordia.de,Schleswig-Holstein,https://www.tanzen-in-sh.de/verband/vereine,,"January 04, 2024"
http://www.tc-hanseatic.de,Schleswig-Holstein,https://www.tanzen-in-sh.de/verband/vereine,,"January 04, 2024"
http://www.team-altenholz.de/,Schleswig-Holstein,https://www.tanzen-in-sh.de/verband/vereine,,"January 04, 2024"
http://www.thwkiel.de/tanzen/,Schleswig-Holstein,https://www.tanzen-in-sh.de/verband/vereine,,"January 04, 2024"
http://www.tsc.tanzcentrumdie3.de,Schleswig-Holstein,https://www.tanzen-in-sh.de/verband/vereine,,"January 04, 2024"
http://www.tsf-phoenix.de,Schleswig-Holstein,https://www.tanzen-in-sh.de/verband/vereine,,"January 04, 2024"
http://www.tsg-blau-gold.de,Schleswig-Holstein,https://www.tanzen-in-sh.de/verband/vereine,,"January 04, 2024"
http://www.tsg-creativ.de/,Schleswig-Holstein,https://www.tanzen-in-sh.de/verband/vereine,,"January 04, 2024"
http://www.tsv-luetjenburg.de/tsv_tanzen.html,Schleswig-Holstein,https://www.tanzen-in-sh.de/verband/vereine,,"January 04, 2024"
http://www.unitanz-kiel.de,Schleswig-Holstein,https://www.tanzen-in-sh.de/verband/vereine,,"January 04, 2024"
https://ftsv-fortuna.de/angebote/tanzsport,Schleswig-Holstein,https://www.tanzen-in-sh.de/verband/vereine,,"January 04, 2024"
https://gettorfer-tv.de/sportangebot/tanzsport,Schleswig-Holstein,https://www.tanzen-in-sh.de/verband/vereine,,"January 04, 2024"
https://lag-tanz-sh.de/detailansicht/tanzabteilung-des-tsv-husum-1875-ev.html,Schleswig-Holstein,https://www.tanzen-in-sh.de/verband/vereine,,"January 04, 2024"
https://oaktreedancerspoyenberg.jimdo.com/,Schleswig-Holstein,https://www.tanzen-in-sh.de/verband/vereine,,"January 04, 2024"
https://postsportverein-heide.de/content/tanzsport/gesellschaftstanz/,Schleswig-Holstein,https://www.tanzen-in-sh.de/verband/vereine,,"January 04, 2024"
https://rocknrollclubkiel.de/,Schleswig-Holstein,https://www.tanzen-in-sh.de/verband/vereine,,"January 04, 2024"
https://sv-hu.de/tanzen/,Schleswig-Holstein,https://www.tanzen-in-sh.de/verband/vereine,,"January 04, 2024"
https://tanzen-in-sh.de/ergebnisse/2022/2022-06-18-19_BalticSenior,Schleswig-Holstein,https://www.tanzen-in-sh.de/verband/vereine,,"January 04, 2024"
https://tanzen-in-sh.de/ergebnisse/2023/2023-06-24-25_BalticSenior/,Schleswig-Holstein,https://www.tanzen-in-sh.de/verband/vereine,,"January 04, 2024"
https://tanzen-in-trappenkamp.de/,Schleswig-Holstein,https://www.tanzen-in-sh.de/verband/vereine,,"January 04, 2024"
https://tanzen.mtv-daenischenhagen.de/,Schleswig-Holstein,https://www.tanzen-in-sh.de/verband/vereine,,"January 04, 2024"
https://tsc-titanium.de/,Schleswig-Holstein,https://www.tanzen-in-sh.de/verband/vereine,,"January 04, 2024"
https://www.blaugold.info/,Schleswig-Holstein,https://www.tanzen-in-sh.de/verband/vereine,,"January 04, 2024"
https://www.blumenthal-sh.de/sportverein/tanzsparte/,Schleswig-Holstein,https://www.tanzen-in-sh.de/verband/vereine,,"January 04, 2024"
https://www.bsv-kisdorf.de/index.php/tanzen,Schleswig-Holstein,https://www.tanzen-in-sh.de/verband/vereine,,"January 04, 2024"
https://www.etv-tanzen.de/,Schleswig-Holstein,https://www.tanzen-in-sh.de/verband/vereine,,"January 04, 2024"
https://www.eutin08.de/tanzen.html,Schleswig-Holstein,https://www.tanzen-in-sh.de/verband/vereine,,"January 04, 2024"
https://www.gemeinde-daldorf.de/vereine-verbaende/daldorfer-sportverein/,Schleswig-Holstein,https://www.tanzen-in-sh.de/verband/vereine,,"January 04, 2024"
https://www.mtv-segeberg.de/index.php/sportangebote/tanz/tanzen,Schleswig-Holstein,https://www.tanzen-in-sh.de/verband/vereine,,"January 04, 2024"
https://www.preetzer-tsv.de/tanzsport.html,Schleswig-Holstein,https://www.tanzen-in-sh.de/verband/vereine,,"January 04, 2024"
https://www.psv-kiel.de/tanzen,Schleswig-Holstein,https://www.tanzen-in-sh.de/verband/vereine,,"January 04, 2024"
https://www.scroennau.de/sportangebote,Schleswig-Holstein,https://www.tanzen-in-sh.de/verband/vereine,,"January 04, 2024"
https://www.sportswanted.de/club/tanzclub-blau-gold-saphir-e-v-flensburg-17540/,Schleswig-Holstein,https://www.tanzen-in-sh.de/verband/vereine,,"January 04, 2024"
https://www.ssv-grossensee.de/weitere-sportarten,Schleswig-Holstein,https://www.tanzen-in-sh.de/verband/vereine,,"January 04, 2024"
https://www.tanzen-an-der-schlei.de/,Schleswig-Holstein,https://www.tanzen-in-sh.de/verband/vereine,,"January 04, 2024"
https://www.tanzen-in-schoenkirchen.de/,Schleswig-Holstein,https://www.tanzen-in-sh.de/verband/vereine,,"January 04, 2024"
https://www.tanzsportclub-schoenberg.de/,Schleswig-Holstein,https://www.tanzen-in-sh.de/verband/vereine,,"January 04, 2024"
https://www.tanzstudio-stuemer.de/kontakt/,Schleswig-Holstein,https://www.tanzen-in-sh.de/verband/vereine,,"January 04, 2024"
https://www.tc-gruen-gold-schleswig.de/,Schleswig-Holstein,https://www.tanzen-in-sh.de/verband/vereine,,"January 04, 2024"
https://www.tc-roland.de/,Schleswig-Holstein,https://www.tanzen-in-sh.de/verband/vereine,,"January 04, 2024"
https://www.tcrgc-nms.de/,Schleswig-Holstein,https://www.tanzen-in-sh.de/verband/vereine,,"January 04, 2024"
https://www.tsc-neumuenster.de/,Schleswig-Holstein,https://www.tanzen-in-sh.de/verband/vereine,,"January 04, 2024"
https://www.tsc-osterroenfeld.de/,Schleswig-Holstein,https://www.tanzen-in-sh.de/verband/vereine,,"January 04, 2024"
https://www.tsv-reinbek.de/sportarten-a-z/tanzen/startseite,Schleswig-Holstein,https://www.tanzen-in-sh.de/verband/vereine,,"January 04, 2024"
https://www.tsz-schwarzenbek.de/,Schleswig-Holstein,https://www.tanzen-in-sh.de/verband/vereine,,"January 04, 2024"
https://www.tsz-tarp.de/,Schleswig-Holstein,https://www.tanzen-in-sh.de/verband/vereine,,"January 04, 2024"
https://www.tus-esingen.de/sportarten/tanzen.html,Schleswig-Holstein,https://www.tanzen-in-sh.de/verband/vereine,,"January 04, 2024"
https://www.vfl-kellinghusen-von-1862-e-v.de/sportarten-im-vfl-sparten/tanzen/,Schleswig-Holstein,https://www.tanzen-in-sh.de/verband/vereine,,"January 04, 2024"
https://www.vfl-oldesloe.de/tanzen/,Schleswig-Holstein,https://www.tanzen-in-sh.de/verband/vereine,,"January 04, 2024"
https://www.vfl-pinneberg.de/de/sportarten-a-z/tanzsport/,Schleswig-Holstein,https://www.tanzen-in-sh.de/verband/vereine,,"January 04, 2024"
https://zwe-tsh-hatv.de/,Schleswig-Holstein,https://www.tanzen-in-sh.de/verband/vereine,,"January 04, 2024"
